elapsed,label,responseCode,bytes,Latency,Connect
5,1 Users - SqlServer -  GetOrderById,200,845,5,0
4,1 Users - SqlServer -  GetOrderById,200,856,4,1
4,1 Users - SqlServer -  GetOrderById,200,852,4,1
4,1 Users - SqlServer -  GetOrderById,200,875,4,1
5,1 Users - SqlServer -  GetOrderById,200,870,5,1
3,1 Users - SqlServer -  GetOrderById,200,853,3,1
4,1 Users - SqlServer -  GetOrderById,200,876,4,1
3,1 Users - SqlServer -  GetOrderById,200,894,3,1
2,1 Users - SqlServer -  GetOrderById,200,876,2,0
3,1 Users - SqlServer -  GetOrderById,200,849,3,1
3,1 Users - SqlServer -  GetOrderById,200,862,3,1
3,1 Users - SqlServer -  GetOrderById,200,869,3,0
3,1 Users - SqlServer -  GetOrderById,200,854,3,0
3,1 Users - SqlServer -  GetOrderById,200,857,3,0
2,1 Users - SqlServer -  GetOrderById,200,878,2,0
2,1 Users - SqlServer -  GetOrderById,200,879,2,1
1,1 Users - SqlServer -  GetOrderById,200,849,1,0
2,1 Users - SqlServer -  GetOrderById,200,895,2,0
2,1 Users - SqlServer -  GetOrderById,200,850,2,1
2,1 Users - SqlServer -  GetOrderById,200,868,2,1
3,1 Users - SqlServer -  GetOrderById,200,880,3,1
2,1 Users - SqlServer -  GetOrderById,200,874,2,0
2,1 Users - SqlServer -  GetOrderById,200,860,2,1
2,1 Users - SqlServer -  GetOrderById,200,870,2,0
2,1 Users - SqlServer -  GetOrderById,200,870,2,0
2,1 Users - SqlServer -  GetOrderById,200,860,2,0
2,1 Users - SqlServer -  GetOrderById,200,868,2,0
2,1 Users - SqlServer -  GetOrderById,200,863,2,0
2,1 Users - SqlServer -  GetOrderById,200,867,2,0
2,1 Users - SqlServer -  GetOrderById,200,858,2,0
2,1 Users - SqlServer -  GetOrderById,200,857,2,0
1,1 Users - SqlServer -  GetOrderById,200,850,1,0
2,1 Users - SqlServer -  GetOrderById,200,877,2,0
2,1 Users - SqlServer -  GetOrderById,200,874,2,0
2,1 Users - SqlServer -  GetOrderById,200,878,2,0
2,1 Users - SqlServer -  GetOrderById,200,849,2,1
2,1 Users - SqlServer -  GetOrderById,200,875,2,0
2,1 Users - SqlServer -  GetOrderById,200,865,2,0
1,1 Users - SqlServer -  GetOrderById,200,846,1,0
2,1 Users - SqlServer -  GetOrderById,200,855,2,1
2,1 Users - SqlServer -  GetOrderById,200,901,2,1
2,1 Users - SqlServer -  GetOrderById,200,857,2,0
2,1 Users - SqlServer -  GetOrderById,200,866,2,0
2,1 Users - SqlServer -  GetOrderById,200,899,2,0
1,1 Users - SqlServer -  GetOrderById,200,874,1,0
2,1 Users - SqlServer -  GetOrderById,200,880,2,0
2,1 Users - SqlServer -  GetOrderById,200,847,2,0
2,1 Users - SqlServer -  GetOrderById,200,857,2,0
1,1 Users - SqlServer -  GetOrderById,200,862,1,0
2,1 Users - SqlServer -  GetOrderById,200,874,2,1
2,1 Users - SqlServer -  GetOrderById,200,859,2,0
2,1 Users - SqlServer -  GetOrderById,200,874,2,0
2,1 Users - SqlServer -  GetOrderById,200,859,2,0
2,1 Users - SqlServer -  GetOrderById,200,868,2,0
2,1 Users - SqlServer -  GetOrderById,200,871,2,0
2,1 Users - SqlServer -  GetOrderById,200,862,2,0
2,1 Users - SqlServer -  GetOrderById,200,851,2,0
2,1 Users - SqlServer -  GetOrderById,200,873,2,0
1,1 Users - SqlServer -  GetOrderById,200,875,1,0
2,1 Users - SqlServer -  GetOrderById,200,891,2,0
2,1 Users - SqlServer -  GetOrderById,200,883,2,0
2,1 Users - SqlServer -  GetOrderById,200,872,2,0
2,1 Users - SqlServer -  GetOrderById,200,851,2,0
2,1 Users - SqlServer -  GetOrderById,200,850,2,0
2,1 Users - SqlServer -  GetOrderById,200,872,2,0
1,1 Users - SqlServer -  GetOrderById,200,880,1,0
2,1 Users - SqlServer -  GetOrderById,200,877,2,0
2,1 Users - SqlServer -  GetOrderById,200,906,2,0
2,1 Users - SqlServer -  GetOrderById,200,855,2,0
2,1 Users - SqlServer -  GetOrderById,200,868,2,0
2,1 Users - SqlServer -  GetOrderById,200,868,2,0
2,1 Users - SqlServer -  GetOrderById,200,864,2,0
2,1 Users - SqlServer -  GetOrderById,200,864,2,1
3,1 Users - SqlServer -  GetOrderById,200,890,3,1
2,1 Users - SqlServer -  GetOrderById,200,876,2,0
2,1 Users - SqlServer -  GetOrderById,200,852,2,0
2,1 Users - SqlServer -  GetOrderById,200,891,2,0
1,1 Users - SqlServer -  GetOrderById,200,873,1,0
2,1 Users - SqlServer -  GetOrderById,200,850,2,0
2,1 Users - SqlServer -  GetOrderById,200,866,2,1
2,1 Users - SqlServer -  GetOrderById,200,866,2,1
2,1 Users - SqlServer -  GetOrderById,200,883,2,0
2,1 Users - SqlServer -  GetOrderById,200,882,2,0
1,1 Users - SqlServer -  GetOrderById,200,859,1,0
2,1 Users - SqlServer -  GetOrderById,200,855,2,0
2,1 Users - SqlServer -  GetOrderById,200,864,2,0
1,1 Users - SqlServer -  GetOrderById,200,860,1,0
3,1 Users - SqlServer -  GetOrderById,200,884,3,1
2,1 Users - SqlServer -  GetOrderById,200,858,2,0
2,1 Users - SqlServer -  GetOrderById,200,899,2,0
1,1 Users - SqlServer -  GetOrderById,200,867,1,0
2,1 Users - SqlServer -  GetOrderById,200,856,2,1
1,1 Users - SqlServer -  GetOrderById,200,867,1,0
2,1 Users - SqlServer -  GetOrderById,200,853,2,1
2,1 Users - SqlServer -  GetOrderById,200,877,2,0
2,1 Users - SqlServer -  GetOrderById,200,874,2,0
2,1 Users - SqlServer -  GetOrderById,200,863,2,0
1,1 Users - SqlServer -  GetOrderById,200,894,1,0
1,1 Users - SqlServer -  GetOrderById,200,868,1,0
2,1 Users - SqlServer -  GetOrderById,200,883,2,1
